{"graph": {"_type": "graph-file", "sha256": "9f8487e16379bd2107a46c67b28a5d37e44939a2654605ae69c2e2c62f152543", "size": 1181, "path": "media/graph/graph_summary_9f8487e16379bd2107a4.graph.json"}, "epoch": 48, "_timestamp": 1702300313.4527755, "loss": 4.6677470207214355, "val_loss": 7.620232582092285, "lr": 0.0010000000474974513, "_runtime": 1064.4675505161285, "_step": 146, "best_val_loss": 7.360147476196289, "best_epoch": 44, "epoch/loss": 4.6677470207214355, "epoch/val_loss": 7.620232582092285, "epoch/lr": 0.0010000000474974513, "epoch/epoch": 48, "epoch/learning_rate": 0.0010000000474974513, "extra_val_loss": 4.81767463684082, "_wandb": {"runtime": 5518}}