{"graph": {"_type": "graph-file", "sha256": "da3323e9c3e986105c20989b285f019a7348235456f3d86d840cea4bf81607c0", "size": 819, "path": "media/graph/graph_summary_da3323e9c3e986105c20.graph.json"}, "epoch": 48, "_timestamp": 1702298174.3024452, "loss": 6.5691423416137695, "val_loss": 5.836963653564453, "lr": 0.0010000000474974513, "_runtime": 1012.2689352035522, "_step": 146, "best_val_loss": 5.836963653564453, "best_epoch": 48, "epoch/loss": 6.5691423416137695, "epoch/val_loss": 5.836963653564453, "epoch/lr": 0.0010000000474974513, "epoch/epoch": 48, "epoch/learning_rate": 0.0010000000474974513, "extra_val_loss": 4.726660251617432, "_wandb": {"runtime": 1010}}