{"graph": {"_type": "graph-file", "sha256": "3bd484361d1d77c380a9b34f262dd73fd419f6bf578cd35e386294fe13dbaeaa", "size": 1175, "path": "media/graph/graph_summary_3bd484361d1d77c380a9.graph.json"}, "epoch": 8, "_timestamp": 1701794628.3758605, "loss": 10.065377235412598, "mean_absolute_percentage_error": 77.68183898925781, "mean_absolute_error": 10.065377235412598, "val_loss": 7.051384925842285, "val_mean_absolute_percentage_error": 62.72810363769531, "val_mean_absolute_error": 7.051384925842285, "lr": 0.0010000000474974513, "_runtime": 427.69850754737854, "_step": 94, "best_val_loss": 4.256313800811768, "best_epoch": 1, "epoch/loss": 10.065377235412598, "epoch/mean_absolute_percentage_error": 77.68183898925781, "epoch/mean_absolute_error": 10.065377235412598, "epoch/val_loss": 7.051384925842285, "epoch/val_mean_absolute_percentage_error": 62.72810363769531, "epoch/val_mean_absolute_error": 7.051384925842285, "epoch/lr": 0.0010000000474974513, "epoch/epoch": 8, "epoch/learning_rate": 0.0010000000474974513, "extra_val_loss": 2.665158271789551, "extra_val_metric_0": 18.17856788635254, "extra_val_metric_1": 2.665158271789551, "_wandb": {"runtime": 369}}