{"graph": {"_type": "graph-file", "sha256": "b22d1de1426e06972edb504e70cea866f3e1d43939b0fcaf10a11bcb1ac484dd", "size": 590, "path": "media/graph/graph_summary_b22d1de1426e06972edb.graph.json"}, "epoch": 694, "_timestamp": 1702417009.7234025, "loss": 4.248128414154053, "mean_absolute_percentage_error": 31.45633316040039, "mean_absolute_error": 4.248128414154053, "val_loss": 3.234192132949829, "val_mean_absolute_percentage_error": 27.806442260742188, "val_mean_absolute_error": 3.234192132949829, "lr": 4.999999873689376e-05, "_runtime": 34747.16559839249, "_step": 4574, "best_val_loss": 3.1256561279296875, "best_epoch": 615, "epoch/loss": 4.248128414154053, "epoch/mean_absolute_percentage_error": 31.45633316040039, "epoch/mean_absolute_error": 4.248128414154053, "epoch/val_loss": 3.234192132949829, "epoch/val_mean_absolute_percentage_error": 27.806442260742188, "epoch/val_mean_absolute_error": 3.234192132949829, "epoch/lr": 4.999999873689376e-05, "epoch/epoch": 694, "epoch/learning_rate": 4.999999873689376e-05, "extra_val_loss": 3.875187873840332, "extra_val_metric_0": 26.158958435058594, "extra_val_metric_1": 3.875187873840332, "_wandb": {"runtime": 34712}}