{"graph": {"_type": "graph-file", "sha256": "a523afebc1d3bd2c2246cdfb9cbd3d14b4869f036a5d3606d91b28b41e2cdaa1", "size": 1155, "path": "media/graph/graph_summary_a523afebc1d3bd2c2246.graph.json"}, "epoch": 9, "_timestamp": 1701972941.1559956, "loss": 3.3452160358428955, "mean_absolute_percentage_error": 19.13003158569336, "mean_absolute_error": 3.3452160358428955, "val_loss": 6.286928176879883, "val_mean_absolute_percentage_error": 69.01702880859375, "val_mean_absolute_error": 6.286928176879883, "lr": 0.0010000000474974513, "_runtime": 4301.598250627518, "_step": 264, "best_val_loss": 2.564697504043579, "best_epoch": 1, "epoch/loss": 3.3452160358428955, "epoch/mean_absolute_percentage_error": 19.13003158569336, "epoch/mean_absolute_error": 3.3452160358428955, "epoch/val_loss": 6.286928176879883, "epoch/val_mean_absolute_percentage_error": 69.01702880859375, "epoch/val_mean_absolute_error": 6.286928176879883, "epoch/lr": 0.0010000000474974513, "epoch/epoch": 9, "epoch/learning_rate": 0.0010000000474974513, "extra_val_loss": 4.283361434936523, "extra_val_metric_0": 29.727108001708984, "extra_val_metric_1": 4.283361434936523, "_wandb": {"runtime": 1812}}