{"graph": {"_type": "graph-file", "sha256": "4d265974c1e56b660098b0aace83ac2923a7f8a0e75ed0cdcc8007cb5e58ca75", "size": 1177, "path": "media/graph/graph_summary_4d265974c1e56b660098.graph.json"}, "epoch": 9, "_timestamp": 1702297034.604828, "loss": 7.880426406860352, "val_loss": 7.886512279510498, "lr": 0.0010000000474974513, "_runtime": 290.17702889442444, "_step": 29, "best_val_loss": 7.886512279510498, "best_epoch": 9, "epoch/loss": 7.880426406860352, "epoch/val_loss": 7.886512279510498, "epoch/lr": 0.0010000000474974513, "epoch/epoch": 9, "epoch/learning_rate": 0.0010000000474974513, "extra_val_loss": 3.769474983215332, "_wandb": {"runtime": 291}}