{"graph": {"_type": "graph-file", "sha256": "d3cdd0b2c86a79857ad17fb68822be32d6fc3a68e03bb9f2b606cd60af079ce4", "size": 1177, "path": "media/graph/graph_summary_d3cdd0b2c86a79857ad1.graph.json"}, "epoch": 27, "_timestamp": 1702043739.441395, "loss": 6.411464691162109, "mean_absolute_percentage_error": 44.38081359863281, "mean_absolute_error": 6.171157360076904, "val_loss": 6.965785980224609, "val_mean_absolute_percentage_error": 102.36861419677734, "val_mean_absolute_error": 10.426586151123047, "lr": 0.0010000000474974513, "_runtime": 7436.000846147537, "_step": 474, "best_val_loss": 4.798572540283203, "best_epoch": 6, "epoch/loss": 6.411464691162109, "epoch/mean_absolute_percentage_error": 44.38081359863281, "epoch/mean_absolute_error": 6.171157360076904, "epoch/val_loss": 6.965785980224609, "epoch/val_mean_absolute_percentage_error": 102.36861419677734, "epoch/val_mean_absolute_error": 10.426586151123047, "epoch/lr": 0.0010000000474974513, "epoch/epoch": 27, "epoch/learning_rate": 0.0010000000474974513, "extra_val_loss": 11.704334259033203, "extra_val_metric_0": 57.98263931274414, "extra_val_metric_1": 8.279491424560547, "_wandb": {"runtime": 3318}}