{"graph": {"_type": "graph-file", "sha256": "2491a6f1d83dcdbf77d336baf0763c6e50a03b1a99a33dc01bfe0cd69c075345", "size": 781, "path": "media/graph/graph_summary_2491a6f1d83dcdbf77d3.graph.json"}, "epoch": 9, "_timestamp": 1702296076.3422074, "loss": 7.801017761230469, "val_loss": 7.59464693069458, "lr": 0.0010000000474974513, "_runtime": 326.26649737358093, "_step": 29, "best_val_loss": 7.59464693069458, "best_epoch": 9, "epoch/loss": 7.801017761230469, "epoch/val_loss": 7.59464693069458, "epoch/lr": 0.0010000000474974513, "epoch/epoch": 9, "epoch/learning_rate": 0.0010000000474974513, "extra_val_loss": 3.797729969024658, "_wandb": {"runtime": 325}}