{"graph": {"_type": "graph-file", "sha256": "e6e111f77250af825a8f3f01543bf306ca11ef1118b64f7f50951e2a5cc66682", "size": 1205, "path": "media/graph/graph_summary_e6e111f77250af825a8f.graph.json"}, "epoch": 9, "_timestamp": 1701455754.7207367, "loss": 5.621340274810791, "mean_absolute_percentage_error": 40.523048400878906, "mean_absolute_error": 5.621340274810791, "val_loss": 23.268218994140625, "val_mean_absolute_percentage_error": 268.89178466796875, "val_mean_absolute_error": 23.268218994140625, "lr": 0.0010000000474974513, "_runtime": 1818.768414735794, "_step": 49, "best_val_loss": 12.571178436279297, "best_epoch": 0, "epoch/loss": 5.621340274810791, "epoch/mean_absolute_percentage_error": 40.523048400878906, "epoch/mean_absolute_error": 5.621340274810791, "epoch/val_loss": 23.268218994140625, "epoch/val_mean_absolute_percentage_error": 268.89178466796875, "epoch/val_mean_absolute_error": 23.268218994140625, "epoch/lr": 0.0010000000474974513, "epoch/epoch": 9, "epoch/learning_rate": 0.0010000000474974513, "extra_val_loss": 22.617210388183594, "extra_val_metric_0": 158.0169677734375, "extra_val_metric_1": 22.617210388183594, "_wandb": {"runtime": 226}}