{"graph": {"_type": "graph-file", "sha256": "6fa0a2734e8c605fa6f8322c9bef85edbff1f1cc9da3661f02164474d9d0fa64", "size": 992, "path": "media/graph/graph_summary_6fa0a2734e8c605fa6f8.graph.json"}, "epoch": 9, "_timestamp": 1701974429.4685802, "loss": 5.239638805389404, "mean_absolute_percentage_error": 36.58567428588867, "mean_absolute_error": 5.239638805389404, "val_loss": 3.435683250427246, "val_mean_absolute_percentage_error": 30.963823318481445, "val_mean_absolute_error": 3.435683250427246, "lr": 0.0010000000474974513, "_runtime": 373.9093792438507, "_step": 49, "best_val_loss": 3.435683250427246, "best_epoch": 9, "epoch/loss": 5.239638805389404, "epoch/mean_absolute_percentage_error": 36.58567428588867, "epoch/mean_absolute_error": 5.239638805389404, "epoch/val_loss": 3.435683250427246, "epoch/val_mean_absolute_percentage_error": 30.963823318481445, "epoch/val_mean_absolute_error": 3.435683250427246, "epoch/lr": 0.0010000000474974513, "epoch/epoch": 9, "epoch/learning_rate": 0.0010000000474974513, "extra_val_loss": 3.8717358112335205, "extra_val_metric_0": 27.01674461364746, "extra_val_metric_1": 3.8717358112335205, "_wandb": {"runtime": 343}}