{"graph": {"_type": "graph-file", "sha256": "6373ef24d6781f94366922786db681350d09d016dea3f3ef4ebc781f653c168a", "size": 1014, "path": "media/graph/graph_summary_6373ef24d6781f943669.graph.json"}, "epoch": 9, "_timestamp": 1702031783.963382, "loss": 5.279276371002197, "mean_absolute_percentage_error": 36.91292190551758, "mean_absolute_error": 5.279276371002197, "val_loss": 3.4117565155029297, "val_mean_absolute_percentage_error": 30.881858825683594, "val_mean_absolute_error": 3.4117565155029297, "lr": 0.0010000000474974513, "_runtime": 344.1539161205292, "_step": 49, "best_val_loss": 3.4117565155029297, "best_epoch": 9, "epoch/loss": 5.279276371002197, "epoch/mean_absolute_percentage_error": 36.91292190551758, "epoch/mean_absolute_error": 5.279276371002197, "epoch/val_loss": 3.4117565155029297, "epoch/val_mean_absolute_percentage_error": 30.881858825683594, "epoch/val_mean_absolute_error": 3.4117565155029297, "epoch/lr": 0.0010000000474974513, "epoch/epoch": 9, "epoch/learning_rate": 0.0010000000474974513, "extra_val_loss": 3.940065622329712, "extra_val_metric_0": 27.34493064880371, "extra_val_metric_1": 3.940065622329712, "_wandb": {"runtime": 4857}}