{"graph": {"_type": "graph-file", "sha256": "ada086a73d34f7412d760000aa7720148b1884808c08100cce125a8b2a835edc", "size": 1028, "path": "media/graph/graph_summary_ada086a73d34f7412d76.graph.json"}, "epoch": 24, "_timestamp": 1702314687.623375, "loss": 4.942936897277832, "val_loss": 6.694929599761963, "lr": 0.0010000000474974513, "_runtime": 9700.412821054459, "_step": 407, "best_val_loss": 5.838850021362305, "best_epoch": 4, "epoch/loss": 4.942936897277832, "epoch/val_loss": 6.694929599761963, "epoch/lr": 0.0010000000474974513, "epoch/epoch": 24, "epoch/learning_rate": 0.0005000000237487257, "extra_val_loss": 5.467503547668457, "_wandb": {"runtime": 9797}}