{"graph": {"_type": "graph-file", "sha256": "620a12ebdaefda06cc0d73863fd06aae2ae5f39bad8a06b53bb5a11c016e8445", "size": 1025, "path": "media/graph/graph_summary_620a12ebdaefda06cc0d.graph.json"}, "epoch": 48, "_timestamp": 1702299232.5990796, "loss": 4.231069564819336, "val_loss": 3.7516000270843506, "lr": 0.0010000000474974513, "_runtime": 1050.2492725849152, "_step": 146, "best_val_loss": 3.7516000270843506, "best_epoch": 48, "epoch/loss": 4.231069564819336, "epoch/val_loss": 3.7516000270843506, "epoch/lr": 0.0010000000474974513, "epoch/epoch": 48, "epoch/learning_rate": 0.0010000000474974513, "extra_val_loss": 9.059396743774414, "_wandb": {"runtime": 1058}}