{"graph": {"_type": "graph-file", "sha256": "4288a65243fb65655d66afa97e42a4df44fe507d782c5dd25065bfd45288f285", "size": 1014, "path": "media/graph/graph_summary_4288a65243fb65655d66.graph.json"}, "epoch": 9, "_timestamp": 1701974986.5058355, "loss": 6.577728748321533, "mean_absolute_percentage_error": 46.461753845214844, "mean_absolute_error": 6.577728748321533, "val_loss": 4.489736557006836, "val_mean_absolute_percentage_error": 36.327083587646484, "val_mean_absolute_error": 4.489736557006836, "lr": 0.0010000000474974513, "_runtime": 367.90537762641907, "_step": 49, "best_val_loss": 4.278341770172119, "best_epoch": 6, "epoch/loss": 6.577728748321533, "epoch/mean_absolute_percentage_error": 46.461753845214844, "epoch/mean_absolute_error": 6.577728748321533, "epoch/val_loss": 4.489736557006836, "epoch/val_mean_absolute_percentage_error": 36.327083587646484, "epoch/val_mean_absolute_error": 4.489736557006836, "epoch/lr": 0.0010000000474974513, "epoch/epoch": 9, "epoch/learning_rate": 0.0010000000474974513, "extra_val_loss": 4.33998441696167, "extra_val_metric_0": 28.49495506286621, "extra_val_metric_1": 4.33998441696167, "_wandb": {"runtime": 411}}