{"graph": {"_type": "graph-file", "sha256": "b49d434ece952f36a09ad033d691af80df18181aa2b670833afb28ec2253b772", "size": 1177, "path": "media/graph/graph_summary_b49d434ece952f36a09a.graph.json"}, "epoch": 9, "_timestamp": 1702029025.470064, "loss": 6.434600353240967, "mean_absolute_percentage_error": 45.76026153564453, "mean_absolute_error": 6.434600353240967, "val_loss": 19.657529830932617, "val_mean_absolute_percentage_error": 233.67840576171875, "val_mean_absolute_error": 19.657529830932617, "lr": 0.0010000000474974513, "_runtime": 53988.13062095642, "_step": 99, "best_val_loss": 9.457365036010742, "best_epoch": 0, "epoch/loss": 6.434600353240967, "epoch/mean_absolute_percentage_error": 45.76026153564453, "epoch/mean_absolute_error": 6.434600353240967, "epoch/val_loss": 19.657529830932617, "epoch/val_mean_absolute_percentage_error": 233.67840576171875, "epoch/val_mean_absolute_error": 19.657529830932617, "epoch/lr": 0.0010000000474974513, "epoch/epoch": 9, "epoch/learning_rate": 0.0010000000474974513, "extra_val_loss": 16.67975616455078, "extra_val_metric_0": 119.65182495117188, "extra_val_metric_1": 16.67975616455078}