{"graph": {"_type": "graph-file", "sha256": "39ed95bf704548d2dcae36df71863b9c2cbe0171244f8e984d37745fe11dcfda", "size": 1155, "path": "media/graph/graph_summary_39ed95bf704548d2dcae.graph.json"}, "epoch": 9, "_timestamp": 1702030241.916584, "loss": 6.818176746368408, "mean_absolute_percentage_error": 50.33391571044922, "mean_absolute_error": 6.818176746368408, "val_loss": 11.416969299316406, "val_mean_absolute_percentage_error": 119.77049255371094, "val_mean_absolute_error": 11.416969299316406, "lr": 0.0010000000474974513, "_runtime": 356.90756607055664, "_step": 49, "best_val_loss": 8.24563980102539, "best_epoch": 0, "epoch/loss": 6.818176746368408, "epoch/mean_absolute_percentage_error": 50.33391571044922, "epoch/mean_absolute_error": 6.818176746368408, "epoch/val_loss": 11.416969299316406, "epoch/val_mean_absolute_percentage_error": 119.77049255371094, "epoch/val_mean_absolute_error": 11.416969299316406, "epoch/lr": 0.0010000000474974513, "epoch/epoch": 9, "epoch/learning_rate": 0.0010000000474974513, "extra_val_loss": 14.628865242004395, "extra_val_metric_0": 99.21454620361328, "extra_val_metric_1": 14.628865242004395, "_wandb": {"runtime": 387}}