{"graph": {"_type": "graph-file", "sha256": "fb8f7ca345e71790227603b132efd1de1b470fdb1534191db2e005737b4e62f8", "size": 822, "path": "media/graph/graph_summary_fb8f7ca345e717902276.graph.json"}, "epoch": 0, "_timestamp": 1702319028.7240424, "loss": 5.345251083374023, "val_loss": 4.796927452087402, "lr": 0.0005000000237487257, "_runtime": 4235.059349298477, "_step": 299, "best_val_loss": 4.386953353881836, "best_epoch": 40, "epoch/loss": 5.345251083374023, "epoch/val_loss": 4.796927452087402, "epoch/lr": 0.0005000000237487257, "epoch/epoch": 0, "epoch/learning_rate": 0.0005000000237487257, "extra_val_loss": 3.710291862487793, "_wandb": {"runtime": 3979}}