{"graph": {"_type": "graph-file", "sha256": "9029f57abdec010f30eb5b262a849e4c2bbc39fb1f27b2a4ab302632c586cd05", "size": 1019, "path": "media/graph/graph_summary_9029f57abdec010f30eb.graph.json"}, "epoch": 29, "_timestamp": 1702296727.6494644, "loss": 7.446717739105225, "val_loss": 8.230859756469727, "lr": 0.0010000000474974513, "_runtime": 641.9400444030762, "_step": 89, "best_val_loss": 8.067660331726074, "best_epoch": 28, "epoch/loss": 7.446717739105225, "epoch/val_loss": 8.230859756469727, "epoch/lr": 0.0010000000474974513, "epoch/epoch": 29, "epoch/learning_rate": 0.0010000000474974513, "extra_val_loss": 5.392678260803223, "_wandb": {"runtime": 649}}